GPS Time, Device Time, Longitude, Latitude,GPS Speed (Meters/second), Horizontal Dilution of Precision, Altitude, Bearing, G(x), G(y), G(z), G(calibrated), 0-100kph Time(s),0-100mph Time(s),0-200kph Time(s),0-30mph Time(s),0-60mph Time(s),1/4 mile time(s),1/8 mile time(s),100-0kph Time(s),100-200kph Time(s),40-60mph Time(s),60-0mph Time(s),60-120mph Time(s),60-130mph Time(s),60-80mph Time(s),80-100mph Time(s),80-120kph Time(s),Absolute Throttle Position B(%),Acceleration Sensor(Total)(g),Acceleration Sensor(X axis)(g),Acceleration Sensor(Y axis)(g),Acceleration Sensor(Z axis)(g),Accelerator PedalPosition D(%),Accelerator PedalPosition E(%),Accelerator PedalPosition F(%),Actual engine % torque(%),Air Fuel Ratio(Commanded)(:1),Air Fuel Ratio(Measured)(:1),Alcohol Fuel Percentage(%),Ambient air temp(°F),Android device Battery Level(%),Average trip speed(whilst moving only)(mph),Average trip speed(whilst stopped or moving)(mph),Barometer (on Android device)(mb),Barometric pressure (from vehicle)(psi),Boost Pressure Commanded A(psi),Boost Pressure Commanded B(psi),Boost Pressure Sensor A(psi),Boost Pressure Sensor B(psi),Catalyst Temperature (Bank 1 Sensor 1)(°F),Catalyst Temperature (Bank 1 Sensor 2)(°F),Catalyst Temperature (Bank 2 Sensor 1)(°F),Catalyst Temperature (Bank 2 Sensor 2)(°F),Charge air cooler temperature (CACT)(°F),Commanded Equivalence Ratio(lambda),Cost per mile/km (Instant)($/m),Cost per mile/km (Trip)($/m),CO₂ in g/km (Average)(g/km),CO₂ in g/km (Instantaneous)(g/km),Distance to empty (Estimated)(miles),Distance travelled since codes cleared(miles),Distance travelled with MIL/CEL lit(miles),DPF Bank 1 Delta Pressure(psi),DPF Bank 1 Inlet Pressure(psi),DPF Bank 1 Inlet Temperature(°F),DPF Bank 1 Outlet Pressure(psi),DPF Bank 1 Outlet Temperature(°F),DPF Bank 2 Delta Pressure(psi),DPF Bank 2 Inlet Pressure(psi),DPF Bank 2 Inlet Temperature(°F),DPF Bank 2 Outlet Pressure(psi),DPF Bank 2 Outlet Temperature(°F),Drivers demand engine % torque(%),EGR Commanded(%),EGR Error(%),Engine Coolant Temperature(°F),Engine kW (At the wheels)(kW),Engine Load(%),Engine Load(Absolute)(%),Engine Oil Temperature(°F),Engine reference torque(Nm),Engine RPM(rpm),Ethanol Fuel %(%),Evap System Vapour Pressure(Pa),Exhaust gas temp Bank 1 Sensor 1(°F),Exhaust gas temp Bank 1 Sensor 2(°F),Exhaust gas temp Bank 1 Sensor 3(°F),Exhaust gas temp Bank 1 Sensor 4(°F),Exhaust gas temp Bank 2 Sensor 1(°F),Exhaust gas temp Bank 2 Sensor 2(°F),Exhaust gas temp Bank 2 Sensor 3(°F),Exhaust gas temp Bank 2 Sensor 4(°F),Exhaust Pressure Bank 1(psi),Exhaust Pressure Bank 2(psi),Fuel cost (trip)(cost),Fuel flow rate/hour(gal/hr),Fuel flow rate/minute(gal/min),Fuel Level (From Engine ECU)(%),Fuel pressure(psi),Fuel Rail Pressure(psi),Fuel Rail Pressure (relative to manifold vacuum)(psi),Fuel Rate (direct from ECU)(L/m),Fuel Remaining (Calculated from vehicle profile)(%),Fuel Trim Bank 1 Long Term(%),Fuel Trim Bank 1 Short Term(%),Fuel Trim Bank 2 Long Term(%),Fuel Trim Bank 2 Short Term(%),Fuel trim Sensor1(%),Fuel trim Sensor2(%),Fuel trim Sensor3(%),Fuel trim Sensor4(%),Fuel trim Sensor5(%),Fuel trim Sensor6(%),Fuel trim Sensor7(%),Fuel trim Sensor8(%),Fuel used (trip)(gal),GPS Accuracy(ft),GPS Altitude(ft),GPS Bearing(°),GPS Latitude(°),GPS Longitude(°),GPS Satellites,GPS vs OBD Speed difference(mph),Horsepower (At the wheels)(hp),Hybrid Battery Charge (%)(%),Hybrid/EV Battery Remaining Charge(%),Hybrid/EV Battery State of Health(%),Hybrid/EV System Battery Current(A),Hybrid/EV System Battery Power(W),Hybrid/EV System Battery Voltage(V),Intake Air Temperature(°F),Intake Manfold Abs Pressure A(psi),Intake Manfold Abs Pressure B(psi),Intake Manifold Pressure(psi),Kilometers Per Litre(Instant)(kpl),Kilometers Per Litre(Long Term Average)(kpl),Litres Per 100 Kilometer(Instant)(l/100km),Litres Per 100 Kilometer(Long Term Average)(l/100km),Mass Air Flow Rate(g/s),Mass air flow sensor A(g/s),Mass air flow sensor B(g/s),Miles Per Gallon(Instant)(mpg),Miles Per Gallon(Long Term Average)(mpg),NOx Post SCR(ppm),NOx Pre SCR(ppm),O2 Sensor1 Wide Range Current(mA),O2 Sensor1 Voltage(V),O2 Sensor1 Wide Range Equivalence Ratio(λ),O2 Sensor1 Wide Range Voltage(V),O2 Sensor2 Voltage(V),O2 Sensor2 Wide Range Current(mA),O2 Sensor2 Wide Range Equivalence Ratio(λ),O2 Sensor2 Wide Range Voltage(V),O2 Sensor3 Voltage(V),O2 Sensor3 Wide Range Current(mA),O2 Sensor3 Wide Range Equivalence Ratio(λ),O2 Sensor3 Wide Range Voltage(V),O2 Sensor4 Voltage(V),O2 Sensor4 Wide Range Current(mA),O2 Sensor4 Wide Range Equivalence Ratio(λ),O2 Sensor4 Wide Range Voltage(V),O2 Sensor5 Voltage(V),O2 Sensor5 Wide Range Current(mA),O2 Sensor5 Wide Range Equivalence Ratio(λ),O2 Sensor5 Wide Range Voltage(V),O2 Sensor6 Voltage(V),O2 Sensor6 Wide Range Current(mA),O2 Sensor6 Wide Range Equivalence Ratio(λ),O2 Sensor6 Wide Range Voltage(V),O2 Sensor7 Voltage(V),O2 Sensor7 Wide Range Current(mA),O2 Sensor7 Wide Range Equivalence Ratio(λ),O2 Sensor7 Wide Range Voltage(V),O2 Sensor8 Voltage(V),O2 Sensor8 Wide Range Current(mA),O2 Sensor8 Wide Range Equivalence Ratio(λ),O2 Sensor8 Wide Range Voltage(V),Odometer(from ECU)(miles),Percentage of City driving(%),Percentage of Highway driving(%),Percentage of Idle driving(%),Positive Kinetic Energy (PKE)(km/hr²),Relative Accelerator Pedal Position(%),Relative Throttle Position(%),Run time since engine start(s),Speed (GPS)(mph),Speed (OBD)(mph),Throttle Position(Manifold)(%),Timing Advance(°),Torque(Nm),Transmission Temperature(Method 2)(°F),Trip average KPL(kpl),Trip average Litres/100 KM(l/100km),Trip average MPG(mpg),Trip Distance(miles),Trip distance (stored in vehicle profile)(miles),Trip Time(Since journey start)(s),Trip time(whilst moving)(s),Trip time(whilst stationary)(s),Turbo Boost & Vacuum Gauge(psi),Voltage (Control Module)(V),Voltage (OBD Adapter)(V),Volumetric Efficiency (Calculated)(%)
Sun Jun 12 21:53:38 CDT 2022,12-Jun-2022 21:53:38.611,-96.6288384074479,33.02174725377292,0.0,6.309879302978516,151.93167820441016,0.0,1.9268204,9.04845905,2.79900432,0.01247169,-,-,-,-,-,-,-,-,-,-,-,-,-,-,-,-,18.43137169,0,0.2,0.92000002,0.19,21.1764698,9.8039217,-,40,15.0481205,-,-,-,64,-,0,988.93310547,14.21369832,-,-,-,-,402.08001099,-,-,-,-,1.02368164,-,-,-,-,-,3470.97947851,0,-,-,-,-,-,-,-,-,-,-,-,0,0,134.6,-,0,36.47058868,-,162,0,-,-,-,-,-,-,-,-,-,-,-,-,-,-,-,12.94117641,-,-,-,-,-,-5.46875,-,-,-,-,-,-,-,-,-,-,-,-,20.70170378,498.46348876,0,33.02174759,-96.62883759,22,0,-,35.68627548,35.68627548,-,-,-,0,-,-,-,-,0,28.55221176,-,3.50232506,-,10.40625,0,0,67.15955353,-,-,-,-,0.99555051,3.98220205,1.27499998,-,-,-,-,-,-,-,-,-,-,-,-,-,-,-,-,-,-,-,-,-,-,-,-,-,-,-,-,0.11361214,0,99.88639069,-,-,-,27,0,0,17.25490189,0,-,-,-,-,-,-,17.45584812,0,0,0,0,14.40999985,13.69999981,-
Sun Jun 12 21:54:08 CDT 2022,12-Jun-2022 21:54:08.491,-96.62885243000667,33.02173624155772,0.0,6.02975606918335,150.08024267775627,0.0,1.65762794,7.77966452,6.12801886,0.01694295,-,-,-,-,-,-,-,-,-,-,-,-,-,-,-,-,18.43137169,-0.01,0.13,0.76999998,0.49000001,21.1764698,9.8039217,-,40,15.0481205,-,-,-,64,-,0,988.97589111,14.21369832,-,-,-,-,402.08001099,-,-,-,-,1.02368164,-,-,-,-,-,3470.97947851,0,-,-,-,-,-,-,-,-,-,-,-,0,0,136.4,-,61.96078491,36.47058868,-,162,1508,-,-,-,-,-,-,-,-,-,-,-,-,-,-,-,12.94117641,-,-,-,-,-,-5.46875,-,-,-,-,-,-,-,-,-,-,-,-,19.7826643,492.38925919,0,33.02173615,-96.62885284,24,0,-,37.64706039,37.64706039,-,-,-,0,-,-,-,-,0,28.55221176,-,3.50232506,-,10.40625,0,0,67.15955353,-,-,-,-,0.99555051,3.98220205,1.27499998,-,-,-,-,-,-,-,-,-,-,-,-,-,-,-,-,-,-,-,-,-,-,-,-,-,-,-,-,0.11361214,0,99.88639069,-,-,-,57,0,0,18.03921509,0,-,-,-,-,-,-,17.45584812,0,0,0,0,14.39999962,13.69999981,-
Sun Jun 12 21:54:37 CDT 2022,12-Jun-2022 21:54:37.461,-96.62885999530921,33.02172658752668,0.0,6.768240451812744,149.94705517584927,0.0,0.68733829,9.10050297,3.67118812,0.02176589,-,-,-,-,-,-,-,-,-,-,-,-,-,-,-,-,18.43137169,0,0.05,0.92000002,0.25999999,21.1764698,9.8039217,-,40,15.0481205,-,-,-,64,-,0,988.93225098,14.21369832,-,-,-,-,402.08001099,-,-,-,-,1.02368164,-,-,-,-,-,3470.97947851,0,-,-,-,-,-,-,-,-,-,-,-,0,0,152.6,-,58.03921509,36.47058868,-,162,1501,-,-,-,-,-,-,-,-,-,-,-,-,-,-,-,12.94117641,-,-,-,-,-,-5.46875,-,-,-,-,-,-,-,-,-,-,-,-,22.20551333,491.9522711,0,33.0217247,-96.62886047,23,0,-,40.7843132,40.7843132,-,-,-,0,-,-,-,-,0,28.55221176,-,3.50232506,-,10.40625,0,0,67.15955353,-,-,-,-,0.99555051,3.98220205,1.27499998,-,-,-,-,-,-,-,-,-,-,-,-,-,-,-,-,-,-,-,-,-,-,-,-,-,-,-,-,0.11361214,0,99.88639069,-,-,-,86,0,0,17.64705849,0,-,-,-,-,-,-,17.45584812,0,0,0,0,14.39999962,13.69999981,-
Sun Jun 12 21:54:41 CDT 2022,12-Jun-2022 21:54:41.605,-96.62886108116336,33.02172677951111,0.0,6.961889266967773,149.716023407951,0.0,1.15453696,9.51984501,2.26959229,0.0000051,-,-,-,-,-,-,-,-,-,-,-,-,-,-,-,-,18.43137169,0,0.05,0.94,0.19,21.1764698,9.8039217,-,40,15.0481205,-,-,-,64,-,0,988.95007324,14.21369832,-,-,-,-,402.08001099,-,-,-,-,1.02368164,-,-,-,-,-,3470.97947851,0,-,-,-,-,-,-,-,-,-,-,-,0,0,154.4,-,0,36.47058868,-,162,0,-,-,-,-,-,-,-,-,-,-,-,-,-,-,-,12.94117641,-,-,-,-,-,-5.46875,-,-,-,-,-,-,-,-,-,-,-,-,22.84084409,491.19428774,0,33.02172852,-96.62886047,23,0,-,39.2156868,39.2156868,-,-,-,0,-,-,-,-,0,28.55221176,-,3.50232506,-,10.40625,0,0,67.15955353,-,-,-,-,0.99555051,3.98220205,1.27499998,-,-,-,-,-,-,-,-,-,-,-,-,-,-,-,-,-,-,-,-,-,-,-,-,-,-,-,-,0.11361214,0,99.88639069,-,-,-,100,0,0,17.25490189,0,-,-,-,-,-,-,17.45584812,0,0,0,0,14.39000034,13.60000038,-
Sun Jun 12 21:54:44 CDT 2022,12-Jun-2022 21:54:44.003,-96.62886107403952,33.02172565070415,0.0,7.091773986816406,149.65798030295946,0.0,0.93858469,8.17208767,3.85064983,-0.0359147,-,-,-,-,-,-,-,-,-,-,-,-,-,-,-,-,18.43137169,-0.02,0.1,0.87,0.30000001,21.1764698,9.8039217,-,40,15.0481205,-,-,-,64,-,0,989.31622314,14.21369832,-,-,-,-,402.08001099,-,-,-,-,1.02368164,-,-,-,-,-,3470.97947851,0,-,-,-,-,-,-,-,-,-,-,-,0,0,154.4,-,0,36.47058868,-,162,0,-,-,-,-,-,-,-,-,-,-,-,-,-,-,-,12.94117641,-,-,-,-,-,-5.46875,-,-,-,-,-,-,-,-,-,-,-,-,23.26697506,491.00385325,0,33.0217247,-96.62886047,23,0,-,38.82352829,38.82352829,-,-,-,0,-,-,-,-,0,28.55221176,-,3.50232506,-,10.40625,0,0,67.15955353,-,-,-,-,0.99555051,3.98220205,1.27499998,-,-,-,-,-,-,-,-,-,-,-,-,-,-,-,-,-,-,-,-,-,-,-,-,-,-,-,-,0.11361214,0,99.88639069,-,-,-,102,0,0,17.25490189,0,-,-,-,-,-,-,17.45584812,0,0,0,0,14.39999962,13.69999981,-
Sun Jun 12 21:54:46 CDT 2022,12-Jun-2022 21:54:46.232,-96.62885961610694,33.021724366459075,0.0,6.962174892425537,149.7163108984495,0.0,0.50249273,9.14476967,3.63409948,0.03016475,-,-,-,-,-,-,-,-,-,-,-,-,-,-,-,-,18.43137169,0.01,0.05,0.93000001,0.28999999,21.1764698,9.8039217,-,40,15.0481205,-,-,-,64,-,0,988.965271,14.21369832,-,-,-,-,402.08001099,-,-,-,-,1.02368164,-,-,-,-,-,3470.97947851,0,-,-,-,-,-,-,-,-,-,-,-,0,0,154.4,-,0,36.47058868,-,162,0,-,-,-,-,-,-,-,-,-,-,-,-,-,-,-,12.94117641,-,-,-,-,-,-5.46875,-,-,-,-,-,-,-,-,-,-,-,-,22.84178118,491.19523892,0,33.0217247,-96.62886047,22,0,-,38.4313736,38.4313736,-,-,-,0,-,-,-,-,0,28.55221176,-,3.50232506,-,10.40625,0,0,67.15955353,-,-,-,-,0.99555051,3.98220205,1.27499998,-,-,-,-,-,-,-,-,-,-,-,-,-,-,-,-,-,-,-,-,-,-,-,-,-,-,-,-,0.11361214,0,99.88639069,-,-,-,104,0,0,17.25490189,0,-,-,-,-,-,-,17.45584812,0,0,0,0,14.39000034,13.69999981,-
Sun Jun 12 21:54:49 CDT 2022,12-Jun-2022 21:54:49.259,-96.62885966040548,33.02172489489896,0.0,6.982163429260254,149.64228939677682,0.0,1.6073786,9.6436739,1.77367973,0.0391138,-,-,-,-,-,-,-,-,-,-,-,-,-,-,-,-,18.43137169,0.02,0.15000001,0.98000002,0.13,21.1764698,9.8039217,-,40,15.0481205,-,-,-,64,-,0,988.96740723,14.21369832,-,-,-,-,402.08001099,-,-,-,-,1.02368164,-,-,-,-,-,3470.97947851,0,-,-,-,-,-,-,-,-,-,-,-,0,0,154.4,-,0,36.47058868,-,162,0,-,-,-,-,-,-,-,-,-,-,-,-,-,-,-,12.94117641,-,-,-,-,-,-5.46875,-,-,-,-,-,-,-,-,-,-,-,-,22.90736037,490.95238988,0,33.0217247,-96.62886047,23,0,-,38.03921509,38.03921509,-,-,-,0,-,-,-,-,0,28.55221176,-,3.50232506,-,10.40625,0,0,67.15955353,-,-,-,-,0.99555051,3.98220205,1.27499998,-,-,-,-,-,-,-,-,-,-,-,-,-,-,-,-,-,-,-,-,-,-,-,-,-,-,-,-,0.11361214,0,99.88639069,-,-,-,107,0,0,17.25490189,0,-,-,-,-,-,-,17.45584812,0,0,0,0,14.39000034,13.69999981,-
Sun Jun 12 21:54:51 CDT 2022,12-Jun-2022 21:54:51.010,-96.62885960667631,33.02172509419681,0.0,6.77832555770874,149.60609943418027,0.0,1.15992081,8.71765137,4.10428905,0.01099931,-,-,-,-,-,-,-,-,-,-,-,-,-,-,-,-,18.43137169,-0.01,0.09,0.88,0.31999999,21.1764698,9.8039217,-,40,15.0481205,-,-,-,64,-,0,988.97906494,14.21369832,-,-,-,-,402.08001099,-,-,-,-,1.02368164,-,-,-,-,-,3470.97947851,0,-,-,-,-,-,-,-,-,-,-,-,0,0,154.4,-,0,36.47058868,-,162,0,-,-,-,-,-,-,-,-,-,-,-,-,-,-,-,12.94117641,-,-,-,-,-,-5.46875,-,-,-,-,-,-,-,-,-,-,-,-,22.23860094,490.83364366,0,33.0217247,-96.62886047,22,0,-,38.03921509,38.03921509,-,-,-,0,-,-,-,-,0,28.55221176,-,3.50232506,-,10.40625,0,0,67.15955353,-,-,-,-,0.99555051,3.98220205,1.27499998,-,-,-,-,-,-,-,-,-,-,-,-,-,-,-,-,-,-,-,-,-,-,-,-,-,-,-,-,0.11361214,0,99.88639069,-,-,-,109,0,0,17.25490189,0,-,-,-,-,-,-,17.45584812,0,0,0,0,14.39999962,13.69999981,-
Sun Jun 12 21:54:54 CDT 2022,12-Jun-2022 21:54:54.122,-96.62885865310999,33.021726669534296,0.0,6.894101142883301,149.62314094922894,0.0,1.29810631,8.10149956,7.0498538,0.12896138,-,-,-,-,-,-,-,-,-,-,-,-,-,-,-,-,18.43137169,0.11,0.13,0.83999997,0.61000001,21.1764698,9.8039217,-,40,15.0481205,-,-,-,64,-,0,988.98876953,14.21369832,-,-,-,-,402.08001099,-,-,-,-,1.02368164,-,-,-,-,-,3470.97947851,0,-,-,-,-,-,-,-,-,-,-,-,0,0,154.4,-,0,36.47058868,-,162,0,-,-,-,-,-,-,-,-,-,-,-,-,-,-,-,12.94117641,-,-,-,-,-,-5.46875,-,-,-,-,-,-,-,-,-,-,-,-,22.6184421,490.88956252,0,33.02172852,-96.62886047,23,0,-,37.64706039,37.64706039,-,-,-,0,-,-,-,-,0,28.55221176,-,3.50232506,-,10.40625,0,0,67.15955353,-,-,-,-,0.99555051,3.98220205,1.27499998,-,-,-,-,-,-,-,-,-,-,-,-,-,-,-,-,-,-,-,-,-,-,-,-,-,-,-,-,0.11361214,0,99.88639069,-,-,-,112,0,0,17.25490189,0,-,-,-,-,-,-,17.45584812,0,0,0,0,14.39000034,13.69999981,-
Sun Jun 12 21:54:56 CDT 2022,12-Jun-2022 21:54:56.620,-96.62885511047921,33.02172745081293,0.0,7.121821403503418,149.6812323594391,0.0,-1.77966189,7.28793955,5.33180714,-0.04279697,-,-,-,-,-,-,-,-,-,-,-,-,-,-,-,-,18.43137169,-0.12,-0.14,0.70999998,0.38,21.1764698,9.8039217,-,40,15.0481205,-,-,-,64,-,0,988.65490723,14.21369832,-,-,-,-,402.08001099,-,-,-,-,1.02368164,-,-,-,-,-,3470.97947851,0,-,-,-,-,-,-,-,-,-,-,-,0,0,154.4,-,0,36.47058868,-,162,0,-,-,-,-,-,-,-,-,-,-,-,-,-,-,-,12.94117641,-,-,-,-,-,-5.46875,-,-,-,-,-,-,-,-,-,-,-,-,23.36555582,491.0801472,0,33.02172852,-96.62885284,22,0,-,37.25490189,37.25490189,-,-,-,0,-,-,-,-,0,28.55221176,-,3.50232506,-,10.40625,0,0,67.15955353,-,-,-,-,0.99555051,3.98220205,1.27499998,-,-,-,-,-,-,-,-,-,-,-,-,-,-,-,-,-,-,-,-,-,-,-,-,-,-,-,-,0.11361214,0,99.88639069,-,-,-,114,0,0,17.25490189,0,-,-,-,-,-,-,17.45584812,0,0,0,0,14.39000034,13.69999981,-
Sun Jun 12 21:54:58 CDT 2022,12-Jun-2022 21:54:58.646,-96.62885470649098,33.02172834620946,0.0,7.208956718444824,149.66738239674874,0.0,-2.10089827,6.90748072,6.60478878,0.02648419,-,-,-,-,-,-,-,-,-,-,-,-,-,-,-,-,18.43137169,0,-0.22,0.70999998,0.56,21.1764698,9.8039217,-,40,15.0481205,-,-,-,64,-,0,989.48278809,14.21369832,-,-,-,-,402.08001099,-,-,-,-,1.02368164,-,-,-,-,-,3470.97947851,0,-,-,-,-,-,-,-,-,-,-,-,0,0,154.4,-,0,36.47058868,-,162,0,-,-,-,-,-,-,-,-,-,-,-,-,-,-,-,12.94117641,-,-,-,-,-,-5.46875,-,-,-,-,-,-,-,-,-,-,-,-,23.65143284,491.03474128,0,33.02172852,-96.62885284,21,0,-,36.86274338,36.86274338,-,-,-,0,-,-,-,-,0,28.55221176,-,3.50232506,-,10.40625,0,0,67.15955353,-,-,-,-,0.99555051,3.98220205,1.27499998,-,-,-,-,-,-,-,-,-,-,-,-,-,-,-,-,-,-,-,-,-,-,-,-,-,-,-,-,0.11361214,0,99.88639069,-,-,-,117,0,0,17.25490189,0,-,-,-,-,-,-,17.45584812,0,0,0,0,14.39999962,13.69999981,-
Sun Jun 12 21:55:01 CDT 2022,12-Jun-2022 21:55:01.774,-96.62885440733645,33.02173013927696,0.0,6.9772186279296875,149.69386727733357,0.0,1.53738856,9.11485958,3.17348099,0.01703153,-,-,-,-,-,-,-,-,-,-,-,-,-,-,-,-,18.43137169,0,0.15000001,0.93000001,0.22,21.1764698,9.8039217,-,40,15.0481205,-,-,-,64,-,0,988.97479248,14.21369832,-,-,-,-,402.08001099,-,-,-,-,1.02368164,-,-,-,-,-,3470.97947851,0,-,-,-,-,-,-,-,-,-,-,-,0,0,154.4,-,0,36.47058868,-,162,0,-,-,-,-,-,-,-,-,-,-,-,-,-,-,-,12.94117641,-,-,-,-,-,-5.46875,-,-,-,-,-,-,-,-,-,-,-,-,22.89113727,491.12159824,0,33.02172852,-96.62885284,20,0,-,36.47058868,36.47058868,-,-,-,0,-,-,-,-,0,28.55221176,-,3.50232506,-,10.40625,0,0,67.15955353,-,-,-,-,0.99555051,3.98220205,1.27499998,-,-,-,-,-,-,-,-,-,-,-,-,-,-,-,-,-,-,-,-,-,-,-,-,-,-,-,-,0.11361214,0,99.88639069,-,-,-,120,0,0,17.25490189,0,-,-,-,-,-,-,17.45584812,0,0,0,0,14.39000034,13.60000038,-
Sun Jun 12 21:55:04 CDT 2022,12-Jun-2022 21:55:03.928,-96.62885561313286,33.02173174331213,0.0,6.476716041564941,149.80986307746764,0.0,1.57986116,9.06700325,3.2255249,0.01302991,-,-,-,-,-,-,-,-,-,-,-,-,-,-,-,-,18.43137169,0,0.15000001,0.92000002,0.22,21.1764698,9.8039217,-,40,15.0481205,-,-,-,64,-,0,988.98425293,14.21369832,-,-,-,-,402.08001099,-,-,-,-,1.02368164,-,-,-,-,-,3470.97947851,0,-,-,-,-,-,-,-,-,-,-,-,0,0,154.4,-,0,36.47058868,-,162,0,-,-,-,-,-,-,-,-,-,-,-,-,-,-,-,12.94117641,-,-,-,-,-,-5.46875,-,-,-,-,-,-,-,-,-,-,-,-,21.24906841,491.50216685,0,33.02173233,-96.62885284,25,0,-,36.47058868,36.47058868,-,-,-,0,-,-,-,-,0,28.55221176,-,3.50232506,-,10.40625,0,0,67.15955353,-,-,-,-,0.99555051,3.98220205,1.27499998,-,-,-,-,-,-,-,-,-,-,-,-,-,-,-,-,-,-,-,-,-,-,-,-,-,-,-,-,0.11361214,0,99.88639069,-,-,-,122,0,0,17.25490189,0,-,-,-,-,-,-,17.45584812,0,0,0,0,14.39000034,13.69999981,-
Sun Jun 12 21:55:06 CDT 2022,12-Jun-2022 21:55:06.500,-96.62885618100233,33.02173168203046,0.0,6.169917583465576,150.005143003316,0.0,1.53260291,9.11545753,3.39720988,0.02677183,-,-,-,-,-,-,-,-,-,-,-,-,-,-,-,-,18.43137169,0,0.12,0.93000001,0.25,21.1764698,9.8039217,-,40,15.0481205,-,-,-,64,-,0,988.9864502,14.21369832,-,-,-,-,402.08001099,-,-,-,-,1.02368164,-,-,-,-,-,3470.97947851,0,-,-,-,-,-,-,-,-,-,-,-,0,0,154.4,-,0,36.47058868,-,162,0,-,-,-,-,-,-,-,-,-,-,-,-,-,-,-,12.94117641,-,-,-,-,-,-5.46875,-,-,-,-,-,-,-,-,-,-,-,-,20.24251179,492.14285577,0,33.02173233,-96.62885284,25,0,-,36.07843018,36.07843018,-,-,-,0,-,-,-,-,0,28.55221176,-,3.50232506,-,10.40625,0,0,67.15955353,-,-,-,-,0.99555051,3.98220205,1.27499998,-,-,-,-,-,-,-,-,-,-,-,-,-,-,-,-,-,-,-,-,-,-,-,-,-,-,-,-,0.11361214,0,99.88639069,-,-,-,125,0,0,17.25490189,0,-,-,-,-,-,-,17.45584812,0,0,0,0,14.39000034,13.60000038,-
Sun Jun 12 21:55:09 CDT 2022,12-Jun-2022 21:55:09.268,-96.62885675937818,33.02173146403411,0.0,5.943732738494873,150.1503520994676,0.0,0.75254273,9.44088173,2.47417855,0.01682597,-,-,-,-,-,-,-,-,-,-,-,-,-,-,-,-,18.43137169,0,0.07,0.95999998,0.14,21.1764698,9.8039217,-,40,15.0481205,-,-,-,64,-,0,988.95928955,14.21369832,-,-,-,-,402.08001099,-,-,-,-,1.02368164,-,-,-,-,-,3470.97947851,0,-,-,-,-,-,-,-,-,-,-,-,0,0,154.4,-,0,36.47058868,-,162,0,-,-,-,-,-,-,-,-,-,-,-,-,-,-,-,12.94117641,-,-,-,-,-,-5.46875,-,-,-,-,-,-,-,-,-,-,-,-,19.50043552,492.61924238,0,33.02173233,-96.62886047,26,0,-,35.68627548,35.68627548,-,-,-,0,-,-,-,-,0,28.55221176,-,3.50232506,-,10.40625,0,0,67.15955353,-,-,-,-,0.99555051,3.98220205,1.27499998,-,-,-,-,-,-,-,-,-,-,-,-,-,-,-,-,-,-,-,-,-,-,-,-,-,-,-,-,0.11361214,0,99.88639069,-,-,-,127,0,0,17.25490189,0,-,-,-,-,-,-,17.45584812,0,0,0,0,14.39000034,13.60000038,-
Sun Jun 12 21:55:11 CDT 2022,12-Jun-2022 21:55:11.387,-96.62885702430776,33.021730888574574,0.0,5.895883560180664,150.25094314204293,0.0,0.40737805,9.45942593,2.30787754,0.01731306,-,-,-,-,-,-,-,-,-,-,-,-,-,-,-,-,18.43137169,0,0.05,0.95999998,0.15000001,21.1764698,9.8039217,-,40,15.0481205,-,-,-,64,-,0,988.97357178,14.21369832,-,-,-,-,402.08001099,-,-,-,-,1.02368164,-,-,-,-,-,3470.97947851,0,-,-,-,-,-,-,-,-,-,-,-,0,0,154.4,-,0,36.47058868,-,162,0,-,-,-,-,-,-,-,-,-,-,-,-,-,-,-,12.94117641,-,-,-,-,-,-5.46875,-,-,-,-,-,-,-,-,-,-,-,-,19.34345003,492.9492988,0,33.02173233,-96.62886047,26,0,-,35.29411697,35.29411697,-,-,-,0,-,-,-,-,0,28.55221176,-,3.50232506,-,10.40625,0,0,67.15955353,-,-,-,-,0.99555051,3.98220205,1.27499998,-,-,-,-,-,-,-,-,-,-,-,-,-,-,-,-,-,-,-,-,-,-,-,-,-,-,-,-,0.11361214,0,99.88639069,-,-,-,130,0,0,17.25490189,0,-,-,-,-,-,-,17.45584812,0,0,0,0,14.39000034,13.69999981,-
Sun Jun 12 21:55:14 CDT 2022,12-Jun-2022 21:55:14.430,-96.6288567461403,33.02173107366825,0.0,5.827056884765625,150.14020328073929,0.0,0.17706887,9.24945641,3.18903446,0.01586037,-,-,-,-,-,-,-,-,-,-,-,-,-,-,-,-,18.43137169,0,0.01,0.94,0.22,21.1764698,9.8039217,-,40,15.0481205,-,-,-,64,-,0,988.95849609,14.21369832,-,-,-,-,402.08001099,-,-,-,-,1.02368164,-,-,-,-,-,3470.97947851,0,-,-,-,-,-,-,-,-,-,-,-,0,0,154.4,-,0,36.47058868,-,162,0,-,-,-,-,-,-,-,-,-,-,-,-,-,-,-,12.94117641,-,-,-,-,-,-5.46875,-,-,-,-,-,-,-,-,-,-,-,-,19.11764073,492.58595138,0,33.02173233,-96.62886047,24,0,-,34.90196228,34.90196228,-,-,-,0,-,-,-,-,0,28.55221176,-,3.50232506,-,10.40625,0,0,67.15955353,-,-,-,-,0.99555051,3.98220205,1.27499998,-,-,-,-,-,-,-,-,-,-,-,-,-,-,-,-,-,-,-,-,-,-,-,-,-,-,-,-,0.11361214,0,99.88639069,-,-,-,133,0,0,17.25490189,0,-,-,-,-,-,-,17.45584812,0,0,0,0,14.39000034,13.60000038,-
Sun Jun 12 21:55:16 CDT 2022,12-Jun-2022 21:55:16.836,-96.62885582466127,33.0217310012294,0.0,5.989719867706299,150.08972690930474,0.0,0.59401822,9.33858871,2.93539524,0.02003117,-,-,-,-,-,-,-,-,-,-,-,-,-,-,-,-,18.43137169,0,0.06,0.94999999,0.2,21.1764698,9.8039217,-,40,15.0481205,-,-,-,64,-,0,988.97662354,14.21369832,-,-,-,-,402.08001099,-,-,-,-,1.02368164,-,-,-,-,-,3470.97947851,0,-,-,-,-,-,-,-,-,-,-,-,0,0,154.4,-,0,36.47058868,-,162,0,-,-,-,-,-,-,-,-,-,-,-,-,-,-,-,12.94117641,-,-,-,-,-,-5.46875,-,-,-,-,-,-,-,-,-,-,-,-,19.65131193,492.42034747,0,33.02173233,-96.62885284,25,0,-,34.50980377,34.50980377,-,-,-,0,-,-,-,-,0,28.55221176,-,3.50232506,-,10.40625,0,0,67.15955353,-,-,-,-,0.99555051,3.98220205,1.27499998,-,-,-,-,-,-,-,-,-,-,-,-,-,-,-,-,-,-,-,-,-,-,-,-,-,-,-,-,0.11361214,0,99.88639069,-,-,-,135,0,0,17.25490189,0,-,-,-,-,-,-,17.45584812,0,0,0,0,14.39000034,13.69999981,-
Sun Jun 12 21:55:19 CDT 2022,12-Jun-2022 21:55:19.355,-96.6288552722716,33.02173162979096,0.0,5.8994951248168945,149.94366126754124,0.0,0.87996054,8.7152586,4.37288332,0.02126123,-,-,-,-,-,-,-,-,-,-,-,-,-,-,-,-,18.43137169,0,0.07,0.88999999,0.34999999,21.1764698,9.8039217,-,40,15.0481205,-,-,-,64,-,0,989.05822754,14.21369832,-,-,-,-,402.08001099,-,-,-,-,1.02368164,-,-,-,-,-,3470.97947851,0,-,-,-,-,-,-,-,-,-,-,-,0,0,154.4,-,0,36.47058868,-,162,0,-,-,-,-,-,-,-,-,-,-,-,-,-,-,-,12.94117641,-,-,-,-,-,-5.46875,-,-,-,-,-,-,-,-,-,-,-,-,19.355299,491.94115741,0,33.02173233,-96.62885284,24,0,-,34.50980377,34.50980377,-,-,-,0,-,-,-,-,0,28.55221176,-,3.50232506,-,10.40625,0,0,67.15955353,-,-,-,-,0.99555051,3.98220205,1.27499998,-,-,-,-,-,-,-,-,-,-,-,-,-,-,-,-,-,-,-,-,-,-,-,-,-,-,-,-,0.11361214,0,99.88639069,-,-,-,137,0,0,17.25490189,0,-,-,-,-,-,-,17.45584812,0,0,0,0,14.39000034,13.69999981,-
Sun Jun 12 21:55:22 CDT 2022,12-Jun-2022 21:55:22.602,-96.6288561117091,33.02173207012787,0.0,5.871088981628418,149.91914969262493,0.0,0.98823577,9.29312515,3.03828645,0.01948429,-,-,-,-,-,-,-,-,-,-,-,-,-,-,-,-,18.43137169,0,0.1,0.94,0.20999999,21.1764698,9.8039217,-,40,15.0481205,-,-,-,64,-,0,988.98406982,14.21369832,-,-,-,-,402.08001099,-,-,-,-,1.02368164,-,-,-,-,-,3470.97947851,0,-,-,-,-,-,-,-,-,-,-,-,0,0,154.4,-,0,36.47058868,-,162,0,-,-,-,-,-,-,-,-,-,-,-,-,-,-,-,12.94117641,-,-,-,-,-,-5.46875,-,-,-,-,-,-,-,-,-,-,-,-,19.26210299,491.86070835,0,33.02173233,-96.62885284,25,0,-,34.11764526,34.11764526,-,-,-,0,-,-,-,-,0,28.55221176,-,3.50232506,-,10.40625,0,0,67.15955353,-,-,-,-,0.99555051,3.98220205,1.27499998,-,-,-,-,-,-,-,-,-,-,-,-,-,-,-,-,-,-,-,-,-,-,-,-,-,-,-,-,0.11361214,0,99.88639069,-,-,-,141,0,0,17.25490189,0,-,-,-,-,-,-,17.45584812,0,0,0,0,14.39000034,13.69999981,-
Sun Jun 12 21:55:25 CDT 2022,12-Jun-2022 21:55:24.950,-96.62885559331589,33.02173132415612,0.0,5.841285705566406,149.86392466795849,0.0,-0.53718871,8.89412212,5.83848715,0.09523817,-,-,-,-,-,-,-,-,-,-,-,-,-,-,-,-,18.43137169,0.03,-0.09,0.94999999,0.27000001,21.1764698,9.8039217,-,40,15.0481205,-,-,-,64,-,0,989.04101562,14.21369832,-,-,-,-,402.08001099,-,-,-,-,1.02368164,-,-,-,-,-,3470.97947851,0,-,-,-,-,-,-,-,-,-,-,-,0,0,154.4,-,0,36.47058868,-,162,0,-,-,-,-,-,-,-,-,-,-,-,-,-,-,-,12.94117641,-,-,-,-,-,-5.46875,-,-,-,-,-,-,-,-,-,-,-,-,19.16432321,491.67953526,0,33.02173233,-96.62885284,23,0,-,33.72549057,33.72549057,-,-,-,0,-,-,-,-,0,28.55221176,-,3.50232506,-,10.40625,0,0,67.15955353,-,-,-,-,0.99555051,3.98220205,1.27499998,-,-,-,-,-,-,-,-,-,-,-,-,-,-,-,-,-,-,-,-,-,-,-,-,-,-,-,-,0.11361214,0,99.88639069,-,-,-,143,0,0,17.25490189,0,-,-,-,-,-,-,17.45584812,0,0,0,0,14.39000034,13.60000038,-
Sun Jun 12 21:55:27 CDT 2022,12-Jun-2022 21:55:27.289,-96.62885602566917,33.02173207858051,0.0,5.999162197113037,149.85235978432888,0.0,1.16470647,8.31745148,3.97507668,-0.03108896,-,-,-,-,-,-,-,-,-,-,-,-,-,-,-,-,18.43137169,-0.03,0.11,0.82999998,0.34999999,21.1764698,9.8039217,-,40,15.0481205,-,-,-,64,-,0,989.04394531,14.21369832,-,-,-,-,402.08001099,-,-,-,-,1.02368164,-,-,-,-,-,3470.97947851,0,-,-,-,-,-,-,-,-,-,-,-,0,0,154.4,-,0,36.47058868,-,162,0,-,-,-,-,-,-,-,-,-,-,-,-,-,-,-,12.94117641,-,-,-,-,-,-5.46875,-,-,-,-,-,-,-,-,-,-,-,-,19.6822907,491.64158853,0,33.02173233,-96.62885284,25,0,-,33.33333206,33.33333206,-,-,-,0,-,-,-,-,0,28.55221176,-,3.50232506,-,10.40625,0,0,67.15955353,-,-,-,-,0.99555051,3.98220205,1.27499998,-,-,-,-,-,-,-,-,-,-,-,-,-,-,-,-,-,-,-,-,-,-,-,-,-,-,-,-,0.11361214,0,99.88639069,-,-,-,145,0,0,17.25490189,0,-,-,-,-,-,-,17.45584812,0,0,0,0,14.39000034,13.60000038,-
Sun Jun 12 21:55:30 CDT 2022,12-Jun-2022 21:55:30.386,-96.62885478995204,33.021732334076354,0.0,6.078291893005371,149.82883536430842,0.0,0.56350976,9.04427147,3.72502661,0.01882309,-,-,-,-,-,-,-,-,-,-,-,-,-,-,-,-,18.43137169,0,0.06,0.92000002,0.25999999,21.1764698,9.8039217,-,40,15.0481205,-,-,-,64,-,0,988.99432373,14.21369832,-,-,-,-,402.08001099,-,-,-,-,1.02368164,-,-,-,-,-,3470.97947851,0,-,-,-,-,-,-,-,-,-,-,-,0,0,154.4,-,0,36.47058868,-,162,0,-,-,-,-,-,-,-,-,-,-,-,-,-,-,-,12.94117641,-,-,-,-,-,-5.46875,-,-,-,-,-,-,-,-,-,-,-,-,19.94190257,491.56444354,0,33.02173233,-96.62885284,27,0,-,32.94117737,32.94117737,-,-,-,0,-,-,-,-,0,28.55221176,-,3.50232506,-,10.40625,0,0,67.15955353,-,-,-,-,0.99555051,3.98220205,1.27499998,-,-,-,-,-,-,-,-,-,-,-,-,-,-,-,-,-,-,-,-,-,-,-,-,-,-,-,-,0.11361214,0,99.88639069,-,-,-,148,0,0,17.25490189,0,-,-,-,-,-,-,17.45584812,0,0,0,0,14.39999962,13.69999981,-
Sun Jun 12 21:55:32 CDT 2022,12-Jun-2022 21:55:32.426,-96.62885429923472,33.02173291293592,0.0,6.2470598220825195,149.76114914014863,0.0,1.05583298,8.95154953,3.70887518,0.01403128,-,-,-,-,-,-,-,-,-,-,-,-,-,-,-,-,18.43137169,0,0.08,0.92000002,0.27000001,21.1764698,9.8039217,-,40,15.0481205,-,-,-,64,-,0,988.98693848,14.21369832,-,-,-,-,402.08001099,-,-,-,-,1.02368164,-,-,-,-,-,3470.97947851,0,-,-,-,-,-,-,-,-,-,-,-,0,0,154.4,-,0,36.47058868,-,162,0,-,-,-,-,-,-,-,-,-,-,-,-,-,-,-,12.94117641,-,-,-,-,-,-5.46875,-,-,-,-,-,-,-,-,-,-,-,-,20.49560312,491.34237009,0,33.02173233,-96.62885284,23,0,-,32.94117737,32.94117737,-,-,-,0,-,-,-,-,0,28.55221176,-,3.50232506,-,10.40625,0,0,67.15955353,-,-,-,-,0.99555051,3.98220205,1.27499998,-,-,-,-,-,-,-,-,-,-,-,-,-,-,-,-,-,-,-,-,-,-,-,-,-,-,-,-,0.11361214,0,99.88639069,-,-,-,150,0,0,17.25490189,0,-,-,-,-,-,-,17.45584812,0,0,0,0,14.39000034,13.60000038,-
Sun Jun 12 21:55:35 CDT 2022,12-Jun-2022 21:55:35.436,-96.62885385711184,33.021733678507154,0.0,6.097426414489746,149.58463057380195,0.0,0.84287179,8.97547817,3.60478735,0.00720656,-,-,-,-,-,-,-,-,-,-,-,-,-,-,-,-,18.43137169,0,0.09,0.91000003,0.27000001,21.1764698,9.8039217,-,40,15.0481205,-,-,-,64,-,0,988.9710083,14.21369832,-,-,-,-,402.08001099,-,-,-,-,1.02368164,-,-,-,-,-,3470.97947851,0,-,-,-,-,-,-,-,-,-,-,-,0,0,154.4,-,0,36.47058868,-,162,0,-,-,-,-,-,-,-,-,-,-,-,-,-,-,-,12.94117641,-,-,-,-,-,-5.46875,-,-,-,-,-,-,-,-,-,-,-,-,20.00467987,490.76320693,0,33.02173233,-96.62885284,23,0,-,32.15686417,32.15686417,-,-,-,0,-,-,-,-,0,28.55221176,-,3.50232506,-,10.40625,0,0,67.15955353,-,-,-,-,0.99555051,3.98220205,1.27499998,-,-,-,-,-,-,-,-,-,-,-,-,-,-,-,-,-,-,-,-,-,-,-,-,-,-,-,-,0.11361214,0,99.88639069,-,-,-,154,0,0,17.25490189,0,-,-,-,-,-,-,17.45584812,0,0,0,0,14.39000034,13.69999981,-
Sun Jun 12 21:55:38 CDT 2022,12-Jun-2022 21:55:38.487,-96.62885372240183,33.021733930716316,0.0,6.051407814025879,149.25455373369212,0.0,1.21256292,8.98863792,3.61316228,0.01293101,-,-,-,-,-,-,-,-,-,-,-,-,-,-,-,-,18.43137169,-0.01,0.1,0.92000002,0.23,21.1764698,9.8039217,-,40,15.0481205,-,-,-,64,-,0,988.96014404,14.21369832,-,-,-,-,402.08001099,-,-,-,-,1.02368164,-,-,-,-,-,3470.97947851,0,-,-,-,-,-,-,-,-,-,-,-,0,0,154.4,-,0,36.47058868,-,162,0,-,-,-,-,-,-,-,-,-,-,-,-,-,-,-,12.94117641,-,-,-,-,-,-5.46875,-,-,-,-,-,-,-,-,-,-,-,-,19.85370021,489.68027344,0,33.02173233,-96.62885284,23,0,-,32.15686417,32.15686417,-,-,-,0,-,-,-,-,0,28.55221176,-,3.50232506,-,10.40625,0,0,67.15955353,-,-,-,-,0.99555051,3.98220205,1.27499998,-,-,-,-,-,-,-,-,-,-,-,-,-,-,-,-,-,-,-,-,-,-,-,-,-,-,-,-,0.11361214,0,99.88639069,-,-,-,156,0,0,17.25490189,0,-,-,-,-,-,-,17.45584812,0,0,0,0,14.42000008,13.69999981,-
Sun Jun 12 21:55:40 CDT 2022,12-Jun-2022 21:55:40.059,-96.62885384523565,33.021734140683265,0.0,6.085646629333496,149.14538103766355,0.0,2.4598217,8.05065155,6.62094021,0.13458811,-,-,-,-,-,-,-,-,-,-,-,-,-,-,-,-,18.43137169,0.36000001,0.38,1,0.73000002,21.1764698,9.8039217,-,40,15.0481205,-,-,-,64,-,0,989.01263428,14.21369832,-,-,-,-,402.08001099,-,-,-,-,1.02368164,-,-,-,-,-,3470.97947851,0,-,-,-,-,-,-,-,-,-,-,-,0,0,154.4,-,0,36.47058868,-,162,0,-,-,-,-,-,-,-,-,-,-,-,-,-,-,-,12.94117641,-,-,-,-,-,-5.46875,-,-,-,-,-,-,-,-,-,-,-,-,19.96603228,489.32213244,0,33.02173233,-96.62885284,21,0,-,31.76470566,31.76470566,-,-,-,0,-,-,-,-,0,28.55221176,-,3.50232506,-,10.40625,0,0,67.15955353,-,-,-,-,0.99555051,3.98220205,1.27499998,-,-,-,-,-,-,-,-,-,-,-,-,-,-,-,-,-,-,-,-,-,-,-,-,-,-,-,-,0.11361214,0,99.88639069,-,-,-,158,0,0,17.25490189,0,-,-,-,-,-,-,17.45584812,0,0,0,0,14.39999962,13.60000038,-
Sun Jun 12 21:55:43 CDT 2022,12-Jun-2022 21:55:43.022,-96.6288534716561,33.02173534878606,0.0,6.252185821533203,149.1805216141909,0.0,1.23649108,8.92702293,3.87039065,0.02098614,-,-,-,-,-,-,-,-,-,-,-,-,-,-,-,-,18.43137169,0,0.11,0.92000002,0.23999999,21.1764698,9.8039217,-,40,15.0481205,-,-,-,64,-,0,988.99169922,14.21369832,-,-,-,-,402.08001099,-,-,-,-,1.02368164,-,-,-,-,-,3470.97947851,0,-,-,-,-,-,-,-,-,-,-,-,0,0,154.4,-,0,36.47058868,-,162,0,-,-,-,-,-,-,-,-,-,-,-,-,-,-,-,12.94117641,-,-,-,-,-,-5.46875,-,-,-,-,-,-,-,-,-,-,-,-,20.51242071,489.43742441,0,33.02173615,-96.62885284,23,0,-,31.37254906,31.37254906,-,-,-,0,-,-,-,-,0,28.55221176,-,3.50232506,-,10.40625,0,0,67.15955353,-,-,-,-,0.99555051,3.98220205,1.27499998,-,-,-,-,-,-,-,-,-,-,-,-,-,-,-,-,-,-,-,-,-,-,-,-,-,-,-,-,0.11361214,0,99.88639069,-,-,-,161,0,0,17.25490189,0,-,-,-,-,-,-,17.45584812,0,0,0,0,14.39000034,13.69999981,-
Sun Jun 12 21:55:45 CDT 2022,12-Jun-2022 21:55:45.388,-96.62885431816544,33.02173568852635,0.0,5.995795726776123,149.15311393577494,0.0,1.76949239,7.07557678,6.6352973,0.01212657,-,-,-,-,-,-,-,-,-,-,-,-,-,-,-,-,18.43137169,-0.01,0.23,0.70999998,0.52999997,21.1764698,9.8039217,-,40,15.0481205,-,-,-,64,-,0,988.98455811,14.21369832,-,-,-,-,402.08001099,-,-,-,-,1.02368164,-,-,-,-,-,3470.97947851,0,-,-,-,-,-,-,-,-,-,-,-,0,0,154.4,-,0,36.47058868,-,162,0,-,-,-,-,-,-,-,-,-,-,-,-,-,-,-,12.94117641,-,-,-,-,-,-5.46875,-,-,-,-,-,-,-,-,-,-,-,-,19.67124585,489.34746364,0,33.02173615,-96.62885284,27,0,-,30.98039246,30.98039246,-,-,-,0,-,-,-,-,0,28.55221176,-,3.50232506,-,10.40625,0,0,67.15955353,-,-,-,-,0.99555051,3.98220205,1.27499998,-,-,-,-,-,-,-,-,-,-,-,-,-,-,-,-,-,-,-,-,-,-,-,-,-,-,-,-,0.11361214,0,99.88639069,-,-,-,163,0,0,17.25490189,0,-,-,-,-,-,-,17.45584812,0,0,0,0,14.39999962,13.69999981,-
Sun Jun 12 21:55:47 CDT 2022,12-Jun-2022 21:55:47.788,-96.62885517756209,33.02173578468019,0.0,5.671741485595703,149.23725120223438,0.0,1.90767789,8.97727203,3.45882511,0.0137835,-,-,-,-,-,-,-,-,-,-,-,-,-,-,-,-,18.43137169,0,0.18000001,0.93000001,0.23,21.1764698,9.8039217,-,40,15.0481205,-,-,-,64,-,0,988.95684814,14.21369832,-,-,-,-,402.08001099,-,-,-,-,1.02368164,-,-,-,-,-,3470.97947851,0,-,-,-,-,-,-,-,-,-,-,-,0,0,154.4,-,0,36.47058868,-,162,0,-,-,-,-,-,-,-,-,-,-,-,-,-,-,-,12.94117641,-,-,-,-,-,-5.46875,-,-,-,-,-,-,-,-,-,-,-,-,18.60807577,489.62350354,0,33.02173615,-96.62885284,28,0,-,30.58823586,30.58823586,-,-,-,0,-,-,-,-,0,28.55221176,-,3.50232506,-,10.40625,0,0,67.15955353,-,-,-,-,0.99555051,3.98220205,1.27499998,-,-,-,-,-,-,-,-,-,-,-,-,-,-,-,-,-,-,-,-,-,-,-,-,-,-,-,-,0.11361214,0,99.88639069,-,-,-,166,0,0,17.25490189,0,-,-,-,-,-,-,17.45584812,0,0,0,0,14.40999985,13.69999981,-
Sun Jun 12 21:55:51 CDT 2022,12-Jun-2022 21:55:50.908,-96.62885753259283,33.02173692519695,0.0,5.541236877441406,149.41811368912744,0.0,1.64805663,9.07298565,3.31585407,0.01987665,-,-,-,-,-,-,-,-,-,-,-,-,-,-,-,-,18.43137169,0,0.16,0.93000001,0.22,21.1764698,9.8039217,-,40,15.0481205,-,-,-,64,-,0,988.95935059,14.21369832,-,-,-,-,402.08001099,-,-,-,-,1.02368164,-,-,-,-,-,3470.97947851,0,-,-,-,-,-,-,-,-,-,-,-,0,0,154.4,-,0,36.47058868,-,162,0,-,-,-,-,-,-,-,-,-,-,-,-,-,-,-,12.94117641,-,-,-,-,-,-5.46875,-,-,-,-,-,-,-,-,-,-,-,-,18.17991104,490.21688421,0,33.02173615,-96.62886047,26,0,-,30.58823586,30.58823586,-,-,-,0,-,-,-,-,0,28.55221176,-,3.50232506,-,10.40625,0,0,67.15955353,-,-,-,-,0.99555051,3.98220205,1.27499998,-,-,-,-,-,-,-,-,-,-,-,-,-,-,-,-,-,-,-,-,-,-,-,-,-,-,-,-,0.11361214,0,99.88639069,-,-,-,169,0,0,17.25490189,0,-,-,-,-,-,-,17.45584812,0,0,0,0,14.39999962,13.60000038,-
Sun Jun 12 21:55:53 CDT 2022,12-Jun-2022 21:55:52.942,-96.62885825191144,33.02173688392284,0.0,5.502194404602051,149.26354205199505,0.0,2.94436836,8.93599606,3.43190598,0.01695535,-,-,-,-,-,-,-,-,-,-,-,-,-,-,-,-,18.43137169,0,0.37,0.88,0.13,21.1764698,9.8039217,-,40,15.0481205,-,-,-,64,-,0,988.98706055,14.21369832,-,-,-,-,402.08001099,-,-,-,-,1.02368164,-,-,-,-,-,3470.97947851,0,-,-,-,-,-,-,-,-,-,-,-,0,0,152.6,-,0,36.47058868,-,162,0,-,-,-,-,-,-,-,-,-,-,-,-,-,-,-,12.94117641,-,-,-,-,-,-5.46875,-,-,-,-,-,-,-,-,-,-,-,-,18.05181894,489.70975975,0,33.02173615,-96.62886047,26,0,-,30.19607925,30.19607925,-,-,-,0,-,-,-,-,0,28.55221176,-,3.50232506,-,10.40625,0,0,67.15955353,-,-,-,-,0.99555051,3.98220205,1.27499998,-,-,-,-,-,-,-,-,-,-,-,-,-,-,-,-,-,-,-,-,-,-,-,-,-,-,-,-,0.11361214,0,99.88639069,-,-,-,171,0,0,17.25490189,0,-,-,-,-,-,-,17.45584812,0,0,0,0,14.39000034,13.60000038,-
Sun Jun 12 21:55:55 CDT 2022,12-Jun-2022 21:55:55.736,-96.62885883245355,33.02173663532323,0.0,5.51433801651001,149.1834026376553,0.0,1.50209439,8.57587624,4.39800787,0.01286665,-,-,-,-,-,-,-,-,-,-,-,-,-,-,-,-,18.43137169,0,0.15000001,0.87,0.34,21.1764698,9.8039217,-,40,15.0481205,-,-,-,64,-,0,989.10614014,14.21369832,-,-,-,-,402.08001099,-,-,-,-,1.02368164,-,-,-,-,-,3470.97947851,0,-,-,-,-,-,-,-,-,-,-,-,0,0,152.6,-,0,36.47058868,-,162,0,-,-,-,-,-,-,-,-,-,-,-,-,-,-,-,12.94117641,-,-,-,-,-,-5.46875,-,-,-,-,-,-,-,-,-,-,-,-,18.09166019,489.446836,0,33.02173615,-96.62886047,26,0,-,29.80392075,29.80392075,-,-,-,0,-,-,-,-,0,28.55221176,-,3.50232506,-,10.40625,0,0,67.15955353,-,-,-,-,0.99555051,3.98220205,1.27499998,-,-,-,-,-,-,-,-,-,-,-,-,-,-,-,-,-,-,-,-,-,-,-,-,-,-,-,-,0.11361214,0,99.88639069,-,-,-,174,0,0,17.25490189,0,-,-,-,-,-,-,17.45584812,0,0,0,0,14.40999985,13.69999981,-
Sun Jun 12 21:55:58 CDT 2022,12-Jun-2022 21:55:58.643,-96.62885933578407,33.02173678207015,0.0,5.731100082397461,148.90586935835745,0.0,1.89870477,9.45882797,3.74058008,0.0697239,-,-,-,-,-,-,-,-,-,-,-,-,-,-,-,-,18.43137169,0,0.17,0.93000001,0.23,21.1764698,9.8039217,-,40,15.0481205,-,-,-,64,-,0,988.90216064,14.21369832,-,-,-,-,402.08001099,-,-,-,-,1.02368164,-,-,-,-,-,3470.97947851,0,-,-,-,-,-,-,-,-,-,-,-,0,0,152.6,-,0,36.47058868,-,162,0,-,-,-,-,-,-,-,-,-,-,-,-,-,-,-,12.94117641,-,-,-,-,-,-5.46875,-,-,-,-,-,-,-,-,-,-,-,-,18.80282182,488.53631482,0,33.02173615,-96.62886047,25,0,-,29.41176414,29.41176414,-,-,-,0,-,-,-,-,0,28.55221176,-,3.50232506,-,10.40625,0,0,67.15955353,-,-,-,-,0.99555051,3.98220205,1.27499998,-,-,-,-,-,-,-,-,-,-,-,-,-,-,-,-,-,-,-,-,-,-,-,-,-,-,-,-,0.11361214,0,99.88639069,-,-,-,176,0,0,17.25490189,0,-,-,-,-,-,-,17.45584812,0,0,0,0,14.36999989,13.69999981,-
Sun Jun 12 21:56:00 CDT 2022,12-Jun-2022 21:56:00.531,-96.62885968203224,33.02173701072422,0.0,5.808406829833984,148.76346506684985,0.0,3.21236444,8.94676399,1.90648139,0.0173666,-,-,-,-,-,-,-,-,-,-,-,-,-,-,-,-,18.43137169,0.03,0.31999999,0.94,0.16,21.1764698,9.8039217,-,40,15.0481205,-,-,-,64,-,0,988.99591064,14.21369832,-,-,-,-,402.08001099,-,-,-,-,1.02368164,-,-,-,-,-,3470.97947851,0,-,-,-,-,-,-,-,-,-,-,-,0,0,152.6,-,0,36.47058868,-,162,0,-,-,-,-,-,-,-,-,-,-,-,-,-,-,-,12.94117641,-,-,-,-,-,-5.46875,-,-,-,-,-,-,-,-,-,-,-,-,19.05645288,488.06908949,0,33.02173615,-96.62886047,24,0,-,29.01960754,29.01960754,-,-,-,0,-,-,-,-,0,28.55221176,-,3.50232506,-,10.40625,0,0,67.15955353,-,-,-,-,0.99555051,3.98220205,1.27499998,-,-,-,-,-,-,-,-,-,-,-,-,-,-,-,-,-,-,-,-,-,-,-,-,-,-,-,-,0.11361214,0,99.88639069,-,-,-,179,0,0,17.64705849,0,-,-,-,-,-,-,17.45584812,0,0,0,0,14.39000034,13.69999981,-
Sun Jun 12 21:56:03 CDT 2022,12-Jun-2022 21:56:03.623,-96.62886101771565,33.02173766877616,0.0,5.864561080932617,148.58517503283377,0.0,1.76530492,9.13101101,3.07836628,0.01612766,-,-,-,-,-,-,-,-,-,-,-,-,-,-,-,-,18.43137169,0,0.16,0.92000002,0.2,21.1764698,9.8039217,-,40,15.0481205,-,-,-,64,-,0,988.98217773,14.21369832,-,-,-,-,402.08001099,-,-,-,-,1.02368164,-,-,-,-,-,3470.97947851,0,-,-,-,-,-,-,-,-,-,-,-,0,0,152.6,-,0,36.47058868,-,162,0,-,-,-,-,-,-,-,-,-,-,-,-,-,-,-,12.94117641,-,-,-,-,-,-5.46875,-,-,-,-,-,-,-,-,-,-,-,-,19.24068599,487.48416925,0,33.02173615,-96.62886047,25,0,-,28.62745094,28.62745094,-,-,-,0,-,-,-,-,0,28.55221176,-,3.50232506,-,10.40625,0,0,67.15955353,-,-,-,-,0.99555051,3.98220205,1.27499998,-,-,-,-,-,-,-,-,-,-,-,-,-,-,-,-,-,-,-,-,-,-,-,-,-,-,-,-,0.11361214,0,99.88639069,-,-,-,182,0,0,17.25490189,0,-,-,-,-,-,-,17.45584812,0,0,0,0,14.39999962,13.69999981,-
Sun Jun 12 21:56:06 CDT 2022,12-Jun-2022 21:56:06.153,-96.62886091850766,33.02173776038002,0.0,5.795292854309082,148.58152152179213,0.0,1.59481633,9.10827923,3.21236444,0.01689445,-,-,-,-,-,-,-,-,-,-,-,-,-,-,-,-,18.43137169,0,0.17,0.92000002,0.20999999,21.1764698,9.8039217,-,40,15.0481205,-,-,-,64,-,0,988.97991943,14.21369832,-,-,-,-,402.08001099,-,-,-,-,1.02368164,-,-,-,-,-,3470.97947851,0,-,-,-,-,-,-,-,-,-,-,-,0,0,152.6,-,0,36.47058868,-,162,0,-,-,-,-,-,-,-,-,-,-,-,-,-,-,-,12.94117641,-,-,-,-,-,-5.46875,-,-,-,-,-,-,-,-,-,-,-,-,19.01342803,487.47220451,0,33.02173615,-96.62886047,25,0,-,28.62745094,28.62745094,-,-,-,0,-,-,-,-,0,28.55221176,-,3.50232506,-,10.40625,0,0,67.15955353,-,-,-,-,0.99555051,3.98220205,1.27499998,-,-,-,-,-,-,-,-,-,-,-,-,-,-,-,-,-,-,-,-,-,-,-,-,-,-,-,-,0.11361214,0,99.88639069,-,-,-,184,0,0,17.25490189,0,-,-,-,-,-,-,17.45584812,0,0,0,0,14.39000034,13.69999981,-
Sun Jun 12 21:56:08 CDT 2022,12-Jun-2022 21:56:08.204,-96.6288609278752,33.02173783681381,0.0,5.823928356170654,148.5328936514223,0.0,1.53798676,9.11844921,3.32721996,0.01951987,-,-,-,-,-,-,-,-,-,-,-,-,-,-,-,-,18.43137169,0,0.15000001,0.92000002,0.23,21.1764698,9.8039217,-,40,15.0481205,-,-,-,64,-,0,988.9699707,14.21369832,-,-,-,-,402.08001099,-,-,-,-,1.02368164,-,-,-,-,-,3470.97947851,0,-,-,-,-,-,-,-,-,-,-,-,0,0,152.6,-,0,36.47058868,-,162,0,-,-,-,-,-,-,-,-,-,-,-,-,-,-,-,12.94117641,-,-,-,-,-,-5.46875,-,-,-,-,-,-,-,-,-,-,-,-,19.10737653,487.31265805,0,33.02173615,-96.62886047,24,0,-,28.23529434,28.23529434,-,-,-,0,-,-,-,-,0,28.55221176,-,3.50232506,-,10.40625,0,0,67.15955353,-,-,-,-,0.99555051,3.98220205,1.27499998,-,-,-,-,-,-,-,-,-,-,-,-,-,-,-,-,-,-,-,-,-,-,-,-,-,-,-,-,0.11361214,0,99.88639069,-,-,-,186,0,0,17.25490189,0,-,-,-,-,-,-,17.45584812,0,0,0,0,14.39999962,13.69999981,-
Sun Jun 12 21:56:11 CDT 2022,12-Jun-2022 21:56:11.359,-96.62886193892625,33.021738302017525,0.0,5.858733177185059,148.43497823680903,0.0,1.60857499,9.1226368,3.11246395,0.01402203,-,-,-,-,-,-,-,-,-,-,-,-,-,-,-,-,18.43137169,0,0.16,0.92000002,0.22,21.1764698,9.8039217,-,40,15.0481205,-,-,-,64,-,0,988.97521973,14.21369832,-,-,-,-,402.08001099,-,-,-,-,1.02368164,-,-,-,-,-,3470.97947851,0,-,-,-,-,-,-,-,-,-,-,-,0,0,152.6,-,0,36.47058868,-,162,0,-,-,-,-,-,-,-,-,-,-,-,-,-,-,-,12.94117641,-,-,-,-,-,-5.46875,-,-,-,-,-,-,-,-,-,-,-,-,19.22156557,486.99141248,0,33.02173996,-96.62886047,24,0,-,27.84313774,27.84313774,-,-,-,0,-,-,-,-,0,28.55221176,-,3.50232506,-,10.40625,0,0,67.15955353,-,-,-,-,0.99555051,3.98220205,1.27499998,-,-,-,-,-,-,-,-,-,-,-,-,-,-,-,-,-,-,-,-,-,-,-,-,-,-,-,-,0.11361214,0,99.88639069,-,-,-,189,0,0,17.25490189,0,-,-,-,-,-,-,17.45584812,0,0,0,0,14.39000034,13.60000038,-
